Model,Accuracy,Precision,Recall,F1
Logistic Regression,0.99895,1.0,0.19230769230769232,0.3225806451612903
Random Forest,0.99955,1.0,0.6538461538461539,0.7906976744186046
SVM,0.999,1.0,0.23076923076923078,0.375
XGBoost,0.9996,1.0,0.6923076923076923,0.8181818181818182
